table_schema,table_name,column_name,data_type,character_maximum_length,numeric_precision,numeric_scale
yahooquery,financial_statements_bs_a,symbol,text,NULL,NULL,NULL
yahooquery,financial_statements_bs_a,asofdate,date,NULL,NULL,NULL
yahooquery,financial_statements_bs_a,periodtype,text,NULL,NULL,NULL
yahooquery,financial_statements_bs_a,currencycode,text,NULL,NULL,NULL
yahooquery,financial_statements_bs_a,accountspayable,numeric,NULL,20,4
yahooquery,financial_statements_bs_a,accountsreceivable,numeric,NULL,20,4
yahooquery,financial_statements_bs_a,accumulateddepreciation,numeric,NULL,20,4
yahooquery,financial_statements_bs_a,availableforsalesecurities,numeric,NULL,20,4
yahooquery,financial_statements_bs_a,capitalleaseobligations,numeric,NULL,20,4
yahooquery,financial_statements_bs_a,capitalstock,numeric,NULL,20,4
yahooquery,financial_statements_bs_a,cashandcashequivalents,numeric,NULL,20,4
yahooquery,financial_statements_bs_a,cashcashequivalentsandshortterminvestments,numeric,NULL,20,4
yahooquery,financial_statements_bs_a,cashequivalents,numeric,NULL,20,4
yahooquery,financial_statements_bs_a,cashfinancial,numeric,NULL,20,4
yahooquery,financial_statements_bs_a,commercialpaper,numeric,NULL,20,4
yahooquery,financial_statements_bs_a,commonstock,numeric,NULL,20,4
yahooquery,financial_statements_bs_a,commonstockequity,numeric,NULL,20,4
yahooquery,financial_statements_bs_a,currentassets,numeric,NULL,20,4
yahooquery,financial_statements_bs_a,currentcapitalleaseobligation,numeric,NULL,20,4
yahooquery,financial_statements_bs_a,currentdebt,numeric,NULL,20,4
yahooquery,financial_statements_bs_a,currentdebtandcapitalleaseobligation,numeric,NULL,20,4
yahooquery,financial_statements_bs_a,currentdeferredliabilities,numeric,NULL,20,4
yahooquery,financial_statements_bs_a,currentdeferredrevenue,numeric,NULL,20,4
yahooquery,financial_statements_bs_a,currentliabilities,numeric,NULL,20,4
yahooquery,financial_statements_bs_a,gainslossesnotaffectingretainedearnings,numeric,NULL,20,4
yahooquery,financial_statements_bs_a,grossppe,numeric,NULL,20,4
yahooquery,financial_statements_bs_a,incometaxpayable,numeric,NULL,20,4
yahooquery,financial_statements_bs_a,inventory,numeric,NULL,20,4
yahooquery,financial_statements_bs_a,investedcapital,numeric,NULL,20,4
yahooquery,financial_statements_bs_a,investmentinfinancialassets,numeric,NULL,20,4
yahooquery,financial_statements_bs_a,investmentsandadvances,numeric,NULL,20,4
yahooquery,financial_statements_bs_a,landandimprovements,numeric,NULL,20,4
yahooquery,financial_statements_bs_a,leases,numeric,NULL,20,4
yahooquery,financial_statements_bs_a,longtermcapitalleaseobligation,numeric,NULL,20,4
yahooquery,financial_statements_bs_a,longtermdebt,numeric,NULL,20,4
yahooquery,financial_statements_bs_a,longtermdebtandcapitalleaseobligation,numeric,NULL,20,4
yahooquery,financial_statements_bs_a,machineryfurnitureequipment,numeric,NULL,20,4
yahooquery,financial_statements_bs_a,netdebt,numeric,NULL,20,4
yahooquery,financial_statements_bs_a,netppe,numeric,NULL,20,4
yahooquery,financial_statements_bs_a,nettangibleassets,numeric,NULL,20,4
yahooquery,financial_statements_bs_a,noncurrentdeferredassets,numeric,NULL,20,4
yahooquery,financial_statements_bs_a,noncurrentdeferredtaxesassets,numeric,NULL,20,4
yahooquery,financial_statements_bs_a,ordinarysharesnumber,numeric,NULL,20,4
yahooquery,financial_statements_bs_a,othercurrentassets,numeric,NULL,20,4
yahooquery,financial_statements_bs_a,othercurrentborrowings,numeric,NULL,20,4
yahooquery,financial_statements_bs_a,othercurrentliabilities,numeric,NULL,20,4
yahooquery,financial_statements_bs_a,otherequityadjustments,numeric,NULL,20,4
yahooquery,financial_statements_bs_a,otherinvestments,numeric,NULL,20,4
yahooquery,financial_statements_bs_a,othernoncurrentassets,numeric,NULL,20,4
yahooquery,financial_statements_bs_a,othernoncurrentliabilities,numeric,NULL,20,4
yahooquery,financial_statements_bs_a,otherproperties,numeric,NULL,20,4
yahooquery,financial_statements_bs_a,otherreceivables,numeric,NULL,20,4
yahooquery,financial_statements_bs_a,othershortterminvestments,numeric,NULL,20,4
yahooquery,financial_statements_bs_a,payables,numeric,NULL,20,4
yahooquery,financial_statements_bs_a,payablesandaccruedexpenses,numeric,NULL,20,4
yahooquery,financial_statements_bs_a,properties,numeric,NULL,20,4
yahooquery,financial_statements_bs_a,receivables,numeric,NULL,20,4
yahooquery,financial_statements_bs_a,retainedearnings,numeric,NULL,20,4
yahooquery,financial_statements_bs_a,shareissued,numeric,NULL,20,4
yahooquery,financial_statements_bs_a,stockholdersequity,numeric,NULL,20,4
yahooquery,financial_statements_bs_a,tangiblebookvalue,numeric,NULL,20,4
yahooquery,financial_statements_bs_a,totalassets,numeric,NULL,20,4
yahooquery,financial_statements_bs_a,totalcapitalization,numeric,NULL,20,4
yahooquery,financial_statements_bs_a,totaldebt,numeric,NULL,20,4
yahooquery,financial_statements_bs_a,totalequitygrossminorityinterest,numeric,NULL,20,4
yahooquery,financial_statements_bs_a,totalliabilitiesnetminorityinterest,numeric,NULL,20,4
yahooquery,financial_statements_bs_a,totalnoncurrentassets,numeric,NULL,20,4
yahooquery,financial_statements_bs_a,totalnoncurrentliabilitiesnetminorityinterest,numeric,NULL,20,4
yahooquery,financial_statements_bs_a,totaltaxpayable,numeric,NULL,20,4
yahooquery,financial_statements_bs_a,tradeandotherpayablesnoncurrent,numeric,NULL,20,4
yahooquery,financial_statements_bs_a,treasurysharesnumber,numeric,NULL,20,4
yahooquery,financial_statements_bs_a,workingcapital,numeric,NULL,20,4
yahooquery,financial_statements_bs_a,additionalpaidincapital,numeric,NULL,20,4
yahooquery,financial_statements_bs_a,buildingsandimprovements,numeric,NULL,20,4
yahooquery,financial_statements_bs_a,constructioninprogress,numeric,NULL,20,4
yahooquery,financial_statements_bs_a,currentaccruedexpenses,numeric,NULL,20,4
yahooquery,financial_statements_bs_a,dividendspayable,numeric,NULL,20,4
yahooquery,financial_statements_bs_a,employeebenefits,numeric,NULL,20,4
yahooquery,financial_statements_bs_a,finishedgoods,numeric,NULL,20,4
yahooquery,financial_statements_bs_a,goodwill,numeric,NULL,20,4
yahooquery,financial_statements_bs_a,goodwillandotherintangibleassets,numeric,NULL,20,4
yahooquery,financial_statements_bs_a,minorityinterest,numeric,NULL,20,4
yahooquery,financial_statements_bs_a,noncurrentdeferredliabilities,numeric,NULL,20,4
yahooquery,financial_statements_bs_a,noncurrentdeferredtaxesliabilities,numeric,NULL,20,4
yahooquery,financial_statements_bs_a,noncurrentpensionandotherpostretirementbenefitplans,numeric,NULL,20,4
yahooquery,financial_statements_bs_a,otherintangibleassets,numeric,NULL,20,4
yahooquery,financial_statements_bs_a,prepaidassets,numeric,NULL,20,4
yahooquery,financial_statements_bs_a,rawmaterials,numeric,NULL,20,4
yahooquery,financial_statements_bs_a,treasurystock,numeric,NULL,20,4
yahooquery,financial_statements_bs_a,workinprocess,numeric,NULL,20,4
yahooquery,financial_statements_bs_a,allowancefordoubtfulaccountsreceivable,numeric,NULL,20,4
yahooquery,financial_statements_bs_a,currentdeferredtaxesliabilities,numeric,NULL,20,4
yahooquery,financial_statements_bs_a,currentprovisions,numeric,NULL,20,4
yahooquery,financial_statements_bs_a,grossaccountsreceivable,numeric,NULL,20,4
yahooquery,financial_statements_bs_a,otherpayable,numeric,NULL,20,4
yahooquery,financial_statements_bs_a,pensionandotherpostretirementbenefitplanscurrent,numeric,NULL,20,4
yahooquery,financial_statements_bs_a,preferredsecuritiesoutsidestockequity,numeric,NULL,20,4
yahooquery,financial_statements_bs_a,restrictedcash,numeric,NULL,20,4
yahooquery,financial_statements_bs_a,preferredstock,numeric,NULL,20,4
yahooquery,financial_statements_bs_a,investmentsinotherventuresunderequitymethod,numeric,NULL,20,4
yahooquery,financial_statements_bs_a,lineofcredit,numeric,NULL,20,4
yahooquery,financial_statements_bs_a,longtermequityinvestment,numeric,NULL,20,4
yahooquery,financial_statements_bs_a,preferredsharesnumber,numeric,NULL,20,4
yahooquery,financial_statements_bs_a,preferredstockequity,numeric,NULL,20,4
yahooquery,financial_statements_bs_a,noncurrentaccountsreceivable,numeric,NULL,20,4
yahooquery,financial_statements_bs_a,noncurrentdeferredrevenue,numeric,NULL,20,4
yahooquery,financial_statements_bs_a,otherequityinterest,numeric,NULL,20,4
yahooquery,financial_statements_bs_a,interestpayable,numeric,NULL,20,4
yahooquery,financial_statements_bs_a,currentnotespayable,numeric,NULL,20,4
yahooquery,financial_statements_bs_a,currentdeferredassets,numeric,NULL,20,4
yahooquery,financial_statements_bs_a,hedgingassetscurrent,numeric,NULL,20,4
yahooquery,financial_statements_bs_a,investmentsinassociatesatcost,numeric,NULL,20,4
yahooquery,financial_statements_bs_a,otherinventories,numeric,NULL,20,4
yahooquery,financial_statements_bs_a,taxesreceivable,numeric,NULL,20,4
yahooquery,financial_statements_bs_a,definedpensionbenefit,numeric,NULL,20,4
yahooquery,financial_statements_bs_a,longtermprovisions,numeric,NULL,20,4
yahooquery,financial_statements_bs_a,assetsheldforsalecurrent,numeric,NULL,20,4
yahooquery,financial_statements_bs_a,derivativeproductliabilities,numeric,NULL,20,4
yahooquery,financial_statements_bs_a,financialassets,numeric,NULL,20,4
yahooquery,financial_statements_bs_a,heldtomaturitysecurities,numeric,NULL,20,4
yahooquery,financial_statements_bs_a,receivablesadjustmentsallowances,numeric,NULL,20,4
yahooquery,financial_statements_bs_a,liabilitiesheldforsalenoncurrent,numeric,NULL,20,4
yahooquery,financial_statements_bs_a,noncurrentnotereceivables,numeric,NULL,20,4
yahooquery,financial_statements_bs_a,foreigncurrencytranslationadjustments,numeric,NULL,20,4
yahooquery,financial_statements_bs_a,loansreceivable,numeric,NULL,20,4
yahooquery,financial_statements_bs_a,minimumpensionliabilities,numeric,NULL,20,4
yahooquery,financial_statements_bs_a,unrealizedgainloss,numeric,NULL,20,4
yahooquery,financial_statements_bs_a,duetorelatedpartiescurrent,numeric,NULL,20,4
yahooquery,financial_statements_bs_a,investmentsinjointventuresatcost,numeric,NULL,20,4
yahooquery,financial_statements_bs_a,notesreceivable,numeric,NULL,20,4
yahooquery,financial_statements_bs_a,inventoriesadjustmentsallowances,numeric,NULL,20,4
yahooquery,financial_statements_bs_a,duefromrelatedpartiescurrent,numeric,NULL,20,4
yahooquery,financial_statements_bs_a,noncurrentprepaidassets,numeric,NULL,20,4
yahooquery,financial_statements_bs_a,noncurrentaccruedexpenses,numeric,NULL,20,4
yahooquery,financial_statements_bs_a,investmentproperties,numeric,NULL,20,4
yahooquery,financial_statements_bs_a,tradingsecurities,numeric,NULL,20,4
yahooquery,financial_statements_bs_a,financialassetsdesignatedasfairvaluethroughprofitorlosstotal,numeric,NULL,20,4
yahooquery,financial_statements_bs_a,investmentsinsubsidiariesatcost,numeric,NULL,20,4
yahooquery,financial_statements_bs_a,duetorelatedpartiesnoncurrent,numeric,NULL,20,4
yahooquery,financial_statements_bs_a,currentdeferredtaxesassets,numeric,NULL,20,4
yahooquery,financial_statements_bs_a,accruedinterestreceivable,numeric,NULL,20,4
yahooquery,financial_statements_bs_a,duefromrelatedpartiesnoncurrent,numeric,NULL,20,4
yahooquery,financial_statements_bs_a,restrictedcommonstock,numeric,NULL,20,4
yahooquery,financial_statements_bs_a,limitedpartnershipcapital,numeric,NULL,20,4
yahooquery,financial_statements_bs_a,totalpartnershipcapital,numeric,NULL,20,4
yahooquery,financial_statements_bs_q,symbol,text,NULL,NULL,NULL
yahooquery,financial_statements_bs_q,asofdate,date,NULL,NULL,NULL
yahooquery,financial_statements_bs_q,periodtype,text,NULL,NULL,NULL
yahooquery,financial_statements_bs_q,currencycode,text,NULL,NULL,NULL
yahooquery,financial_statements_bs_q,accountspayable,numeric,NULL,20,4
yahooquery,financial_statements_bs_q,accountsreceivable,numeric,NULL,20,4
yahooquery,financial_statements_bs_q,accumulateddepreciation,numeric,NULL,20,4
yahooquery,financial_statements_bs_q,availableforsalesecurities,numeric,NULL,20,4
yahooquery,financial_statements_bs_q,capitalstock,numeric,NULL,20,4
yahooquery,financial_statements_bs_q,cashandcashequivalents,numeric,NULL,20,4
yahooquery,financial_statements_bs_q,cashcashequivalentsandshortterminvestments,numeric,NULL,20,4
yahooquery,financial_statements_bs_q,cashequivalents,numeric,NULL,20,4
yahooquery,financial_statements_bs_q,cashfinancial,numeric,NULL,20,4
yahooquery,financial_statements_bs_q,commercialpaper,numeric,NULL,20,4
yahooquery,financial_statements_bs_q,commonstock,numeric,NULL,20,4
yahooquery,financial_statements_bs_q,commonstockequity,numeric,NULL,20,4
yahooquery,financial_statements_bs_q,currentassets,numeric,NULL,20,4
yahooquery,financial_statements_bs_q,currentdebt,numeric,NULL,20,4
yahooquery,financial_statements_bs_q,currentdebtandcapitalleaseobligation,numeric,NULL,20,4
yahooquery,financial_statements_bs_q,currentdeferredliabilities,numeric,NULL,20,4
yahooquery,financial_statements_bs_q,currentdeferredrevenue,numeric,NULL,20,4
yahooquery,financial_statements_bs_q,currentliabilities,numeric,NULL,20,4
yahooquery,financial_statements_bs_q,finishedgoods,numeric,NULL,20,4
yahooquery,financial_statements_bs_q,gainslossesnotaffectingretainedearnings,numeric,NULL,20,4
yahooquery,financial_statements_bs_q,grossppe,numeric,NULL,20,4
yahooquery,financial_statements_bs_q,incometaxpayable,numeric,NULL,20,4
yahooquery,financial_statements_bs_q,inventory,numeric,NULL,20,4
yahooquery,financial_statements_bs_q,investedcapital,numeric,NULL,20,4
yahooquery,financial_statements_bs_q,investmentinfinancialassets,numeric,NULL,20,4
yahooquery,financial_statements_bs_q,investmentsandadvances,numeric,NULL,20,4
yahooquery,financial_statements_bs_q,landandimprovements,numeric,NULL,20,4
yahooquery,financial_statements_bs_q,leases,numeric,NULL,20,4
yahooquery,financial_statements_bs_q,longtermdebt,numeric,NULL,20,4
yahooquery,financial_statements_bs_q,longtermdebtandcapitalleaseobligation,numeric,NULL,20,4
yahooquery,financial_statements_bs_q,machineryfurnitureequipment,numeric,NULL,20,4
yahooquery,financial_statements_bs_q,netdebt,numeric,NULL,20,4
yahooquery,financial_statements_bs_q,netppe,numeric,NULL,20,4
yahooquery,financial_statements_bs_q,nettangibleassets,numeric,NULL,20,4
yahooquery,financial_statements_bs_q,noncurrentdeferredassets,numeric,NULL,20,4
yahooquery,financial_statements_bs_q,noncurrentdeferredtaxesassets,numeric,NULL,20,4
yahooquery,financial_statements_bs_q,ordinarysharesnumber,numeric,NULL,20,4
yahooquery,financial_statements_bs_q,othercurrentassets,numeric,NULL,20,4
yahooquery,financial_statements_bs_q,othercurrentborrowings,numeric,NULL,20,4
yahooquery,financial_statements_bs_q,othercurrentliabilities,numeric,NULL,20,4
yahooquery,financial_statements_bs_q,otherequityadjustments,numeric,NULL,20,4
yahooquery,financial_statements_bs_q,othernoncurrentassets,numeric,NULL,20,4
yahooquery,financial_statements_bs_q,othernoncurrentliabilities,numeric,NULL,20,4
yahooquery,financial_statements_bs_q,otherreceivables,numeric,NULL,20,4
yahooquery,financial_statements_bs_q,othershortterminvestments,numeric,NULL,20,4
yahooquery,financial_statements_bs_q,payables,numeric,NULL,20,4
yahooquery,financial_statements_bs_q,payablesandaccruedexpenses,numeric,NULL,20,4
yahooquery,financial_statements_bs_q,properties,numeric,NULL,20,4
yahooquery,financial_statements_bs_q,rawmaterials,numeric,NULL,20,4
yahooquery,financial_statements_bs_q,receivables,numeric,NULL,20,4
yahooquery,financial_statements_bs_q,retainedearnings,numeric,NULL,20,4
yahooquery,financial_statements_bs_q,shareissued,numeric,NULL,20,4
yahooquery,financial_statements_bs_q,stockholdersequity,numeric,NULL,20,4
yahooquery,financial_statements_bs_q,tangiblebookvalue,numeric,NULL,20,4
yahooquery,financial_statements_bs_q,totalassets,numeric,NULL,20,4
yahooquery,financial_statements_bs_q,totalcapitalization,numeric,NULL,20,4
yahooquery,financial_statements_bs_q,totaldebt,numeric,NULL,20,4
yahooquery,financial_statements_bs_q,totalequitygrossminorityinterest,numeric,NULL,20,4
yahooquery,financial_statements_bs_q,totalliabilitiesnetminorityinterest,numeric,NULL,20,4
yahooquery,financial_statements_bs_q,totalnoncurrentassets,numeric,NULL,20,4
yahooquery,financial_statements_bs_q,totalnoncurrentliabilitiesnetminorityinterest,numeric,NULL,20,4
yahooquery,financial_statements_bs_q,totaltaxpayable,numeric,NULL,20,4
yahooquery,financial_statements_bs_q,tradeandotherpayablesnoncurrent,numeric,NULL,20,4
yahooquery,financial_statements_bs_q,treasurysharesnumber,numeric,NULL,20,4
yahooquery,financial_statements_bs_q,workingcapital,numeric,NULL,20,4
yahooquery,financial_statements_bs_q,additionalpaidincapital,numeric,NULL,20,4
yahooquery,financial_statements_bs_q,buildingsandimprovements,numeric,NULL,20,4
yahooquery,financial_statements_bs_q,constructioninprogress,numeric,NULL,20,4
yahooquery,financial_statements_bs_q,currentaccruedexpenses,numeric,NULL,20,4
yahooquery,financial_statements_bs_q,dividendspayable,numeric,NULL,20,4
yahooquery,financial_statements_bs_q,employeebenefits,numeric,NULL,20,4
yahooquery,financial_statements_bs_q,goodwill,numeric,NULL,20,4
yahooquery,financial_statements_bs_q,goodwillandotherintangibleassets,numeric,NULL,20,4
yahooquery,financial_statements_bs_q,minorityinterest,numeric,NULL,20,4
yahooquery,financial_statements_bs_q,noncurrentdeferredliabilities,numeric,NULL,20,4
yahooquery,financial_statements_bs_q,noncurrentdeferredtaxesliabilities,numeric,NULL,20,4
yahooquery,financial_statements_bs_q,noncurrentpensionandotherpostretirementbenefitplans,numeric,NULL,20,4
yahooquery,financial_statements_bs_q,otherintangibleassets,numeric,NULL,20,4
yahooquery,financial_statements_bs_q,treasurystock,numeric,NULL,20,4
yahooquery,financial_statements_bs_q,workinprocess,numeric,NULL,20,4
yahooquery,financial_statements_bs_q,allowancefordoubtfulaccountsreceivable,numeric,NULL,20,4
yahooquery,financial_statements_bs_q,capitalleaseobligations,numeric,NULL,20,4
yahooquery,financial_statements_bs_q,currentcapitalleaseobligation,numeric,NULL,20,4
yahooquery,financial_statements_bs_q,grossaccountsreceivable,numeric,NULL,20,4
yahooquery,financial_statements_bs_q,longtermcapitalleaseobligation,numeric,NULL,20,4
yahooquery,financial_statements_bs_q,otherpayable,numeric,NULL,20,4
yahooquery,financial_statements_bs_q,otherproperties,numeric,NULL,20,4
yahooquery,financial_statements_bs_q,pensionandotherpostretirementbenefitplanscurrent,numeric,NULL,20,4
yahooquery,financial_statements_bs_q,otherinvestments,numeric,NULL,20,4
yahooquery,financial_statements_bs_q,preferredstock,numeric,NULL,20,4
yahooquery,financial_statements_bs_q,investmentsinotherventuresunderequitymethod,numeric,NULL,20,4
yahooquery,financial_statements_bs_q,longtermequityinvestment,numeric,NULL,20,4
yahooquery,financial_statements_bs_q,preferredsharesnumber,numeric,NULL,20,4
yahooquery,financial_statements_bs_q,preferredstockequity,numeric,NULL,20,4
yahooquery,financial_statements_bs_q,prepaidassets,numeric,NULL,20,4
yahooquery,financial_statements_bs_q,noncurrentaccountsreceivable,numeric,NULL,20,4
yahooquery,financial_statements_bs_q,noncurrentdeferredrevenue,numeric,NULL,20,4
yahooquery,financial_statements_bs_q,otherequityinterest,numeric,NULL,20,4
yahooquery,financial_statements_bs_q,currentprovisions,numeric,NULL,20,4
yahooquery,financial_statements_bs_q,interestpayable,numeric,NULL,20,4
yahooquery,financial_statements_bs_q,hedgingassetscurrent,numeric,NULL,20,4
yahooquery,financial_statements_bs_q,otherinventories,numeric,NULL,20,4
yahooquery,financial_statements_bs_q,restrictedcash,numeric,NULL,20,4
yahooquery,financial_statements_bs_q,taxesreceivable,numeric,NULL,20,4
yahooquery,financial_statements_bs_q,heldtomaturitysecurities,numeric,NULL,20,4
yahooquery,financial_statements_bs_q,definedpensionbenefit,numeric,NULL,20,4
yahooquery,financial_statements_bs_q,longtermprovisions,numeric,NULL,20,4
yahooquery,financial_statements_bs_q,assetsheldforsalecurrent,numeric,NULL,20,4
yahooquery,financial_statements_bs_q,currentnotespayable,numeric,NULL,20,4
yahooquery,financial_statements_bs_q,derivativeproductliabilities,numeric,NULL,20,4
yahooquery,financial_statements_bs_q,financialassets,numeric,NULL,20,4
yahooquery,financial_statements_bs_q,lineofcredit,numeric,NULL,20,4
yahooquery,financial_statements_bs_q,preferredsecuritiesoutsidestockequity,numeric,NULL,20,4
yahooquery,financial_statements_bs_q,receivablesadjustmentsallowances,numeric,NULL,20,4
yahooquery,financial_statements_bs_q,investmentsinassociatesatcost,numeric,NULL,20,4
yahooquery,financial_statements_bs_q,liabilitiesheldforsalenoncurrent,numeric,NULL,20,4
yahooquery,financial_statements_bs_q,foreigncurrencytranslationadjustments,numeric,NULL,20,4
yahooquery,financial_statements_bs_q,loansreceivable,numeric,NULL,20,4
yahooquery,financial_statements_bs_q,minimumpensionliabilities,numeric,NULL,20,4
yahooquery,financial_statements_bs_q,unrealizedgainloss,numeric,NULL,20,4
yahooquery,financial_statements_bs_q,currentdeferredassets,numeric,NULL,20,4
yahooquery,financial_statements_bs_q,duetorelatedpartiescurrent,numeric,NULL,20,4
yahooquery,financial_statements_bs_q,investmentsinjointventuresatcost,numeric,NULL,20,4
yahooquery,financial_statements_bs_q,duefromrelatedpartiescurrent,numeric,NULL,20,4
yahooquery,financial_statements_bs_q,inventoriesadjustmentsallowances,numeric,NULL,20,4
yahooquery,financial_statements_bs_q,noncurrentprepaidassets,numeric,NULL,20,4
yahooquery,financial_statements_bs_q,noncurrentaccruedexpenses,numeric,NULL,20,4
yahooquery,financial_statements_bs_q,notesreceivable,numeric,NULL,20,4
yahooquery,financial_statements_bs_q,investmentproperties,numeric,NULL,20,4
yahooquery,financial_statements_bs_q,noncurrentnotereceivables,numeric,NULL,20,4
yahooquery,financial_statements_bs_q,tradingsecurities,numeric,NULL,20,4
yahooquery,financial_statements_bs_q,financialassetsdesignatedasfairvaluethroughprofitorlosstotal,numeric,NULL,20,4
yahooquery,financial_statements_bs_q,investmentsinsubsidiariesatcost,numeric,NULL,20,4
yahooquery,financial_statements_bs_q,currentdeferredtaxesassets,numeric,NULL,20,4
yahooquery,financial_statements_bs_q,accruedinterestreceivable,numeric,NULL,20,4
yahooquery,financial_statements_bs_q,duefromrelatedpartiesnoncurrent,numeric,NULL,20,4
yahooquery,financial_statements_bs_q,duetorelatedpartiesnoncurrent,numeric,NULL,20,4
yahooquery,financial_statements_cf_a,symbol,text,NULL,NULL,NULL
yahooquery,financial_statements_cf_a,asofdate,date,NULL,NULL,NULL
yahooquery,financial_statements_cf_a,periodtype,text,NULL,NULL,NULL
yahooquery,financial_statements_cf_a,currencycode,text,NULL,NULL,NULL
yahooquery,financial_statements_cf_a,beginningcashposition,numeric,NULL,NULL,NULL
yahooquery,financial_statements_cf_a,capitalexpenditure,numeric,NULL,NULL,NULL
yahooquery,financial_statements_cf_a,cashdividendspaid,numeric,NULL,NULL,NULL
yahooquery,financial_statements_cf_a,cashflowfromcontinuingfinancingactivities,numeric,NULL,NULL,NULL
yahooquery,financial_statements_cf_a,cashflowfromcontinuinginvestingactivities,numeric,NULL,NULL,NULL
yahooquery,financial_statements_cf_a,cashflowfromcontinuingoperatingactivities,numeric,NULL,NULL,NULL
yahooquery,financial_statements_cf_a,changeinaccountpayable,numeric,NULL,NULL,NULL
yahooquery,financial_statements_cf_a,changeincashsupplementalasreported,numeric,NULL,NULL,NULL
yahooquery,financial_statements_cf_a,changeininventory,numeric,NULL,NULL,NULL
yahooquery,financial_statements_cf_a,changeinothercurrentassets,numeric,NULL,NULL,NULL
yahooquery,financial_statements_cf_a,changeinothercurrentliabilities,numeric,NULL,NULL,NULL
yahooquery,financial_statements_cf_a,changeinotherworkingcapital,numeric,NULL,NULL,NULL
yahooquery,financial_statements_cf_a,changeinpayable,numeric,NULL,NULL,NULL
yahooquery,financial_statements_cf_a,changeinpayablesandaccruedexpense,numeric,NULL,NULL,NULL
yahooquery,financial_statements_cf_a,changeinreceivables,numeric,NULL,NULL,NULL
yahooquery,financial_statements_cf_a,changeinworkingcapital,numeric,NULL,NULL,NULL
yahooquery,financial_statements_cf_a,changesinaccountreceivables,numeric,NULL,NULL,NULL
yahooquery,financial_statements_cf_a,changesincash,numeric,NULL,NULL,NULL
yahooquery,financial_statements_cf_a,commonstockdividendpaid,numeric,NULL,NULL,NULL
yahooquery,financial_statements_cf_a,commonstockissuance,numeric,NULL,NULL,NULL
yahooquery,financial_statements_cf_a,commonstockpayments,numeric,NULL,NULL,NULL
yahooquery,financial_statements_cf_a,deferredincometax,numeric,NULL,NULL,NULL
yahooquery,financial_statements_cf_a,deferredtax,numeric,NULL,NULL,NULL
yahooquery,financial_statements_cf_a,depreciationamortizationdepletion,numeric,NULL,NULL,NULL
yahooquery,financial_statements_cf_a,depreciationandamortization,numeric,NULL,NULL,NULL
yahooquery,financial_statements_cf_a,endcashposition,numeric,NULL,NULL,NULL
yahooquery,financial_statements_cf_a,financingcashflow,numeric,NULL,NULL,NULL
yahooquery,financial_statements_cf_a,freecashflow,numeric,NULL,NULL,NULL
yahooquery,financial_statements_cf_a,incometaxpaidsupplementaldata,numeric,NULL,NULL,NULL
yahooquery,financial_statements_cf_a,interestpaidsupplementaldata,numeric,NULL,NULL,NULL
yahooquery,financial_statements_cf_a,investingcashflow,numeric,NULL,NULL,NULL
yahooquery,financial_statements_cf_a,issuanceofcapitalstock,numeric,NULL,NULL,NULL
yahooquery,financial_statements_cf_a,issuanceofdebt,numeric,NULL,NULL,NULL
yahooquery,financial_statements_cf_a,longtermdebtissuance,numeric,NULL,NULL,NULL
yahooquery,financial_statements_cf_a,longtermdebtpayments,numeric,NULL,NULL,NULL
yahooquery,financial_statements_cf_a,netbusinesspurchaseandsale,numeric,NULL,NULL,NULL
yahooquery,financial_statements_cf_a,netcommonstockissuance,numeric,NULL,NULL,NULL
yahooquery,financial_statements_cf_a,netincome,numeric,NULL,NULL,NULL
yahooquery,financial_statements_cf_a,netincomefromcontinuingoperations,numeric,NULL,NULL,NULL
yahooquery,financial_statements_cf_a,netinvestmentpurchaseandsale,numeric,NULL,NULL,NULL
yahooquery,financial_statements_cf_a,netissuancepaymentsofdebt,numeric,NULL,NULL,NULL
yahooquery,financial_statements_cf_a,netlongtermdebtissuance,numeric,NULL,NULL,NULL
yahooquery,financial_statements_cf_a,netotherfinancingcharges,numeric,NULL,NULL,NULL
yahooquery,financial_statements_cf_a,netotherinvestingchanges,numeric,NULL,NULL,NULL
yahooquery,financial_statements_cf_a,netppepurchaseandsale,numeric,NULL,NULL,NULL
yahooquery,financial_statements_cf_a,netshorttermdebtissuance,numeric,NULL,NULL,NULL
yahooquery,financial_statements_cf_a,operatingcashflow,numeric,NULL,NULL,NULL
yahooquery,financial_statements_cf_a,othernoncashitems,numeric,NULL,NULL,NULL
yahooquery,financial_statements_cf_a,purchaseofbusiness,numeric,NULL,NULL,NULL
yahooquery,financial_statements_cf_a,purchaseofinvestment,numeric,NULL,NULL,NULL
yahooquery,financial_statements_cf_a,purchaseofppe,numeric,NULL,NULL,NULL
yahooquery,financial_statements_cf_a,repaymentofdebt,numeric,NULL,NULL,NULL
yahooquery,financial_statements_cf_a,repurchaseofcapitalstock,numeric,NULL,NULL,NULL
yahooquery,financial_statements_cf_a,saleofinvestment,numeric,NULL,NULL,NULL
yahooquery,financial_statements_cf_a,stockbasedcompensation,numeric,NULL,NULL,NULL
yahooquery,financial_statements_cf_a,amortizationcashflow,numeric,NULL,NULL,NULL
yahooquery,financial_statements_cf_a,amortizationofintangibles,numeric,NULL,NULL,NULL
yahooquery,financial_statements_cf_a,assetimpairmentcharge,numeric,NULL,NULL,NULL
yahooquery,financial_statements_cf_a,changeinprepaidassets,numeric,NULL,NULL,NULL
yahooquery,financial_statements_cf_a,depreciation,numeric,NULL,NULL,NULL
yahooquery,financial_statements_cf_a,effectofexchangeratechanges,numeric,NULL,NULL,NULL
yahooquery,financial_statements_cf_a,gainlossonsaleofbusiness,numeric,NULL,NULL,NULL
yahooquery,financial_statements_cf_a,operatinggainslosses,numeric,NULL,NULL,NULL
yahooquery,financial_statements_cf_a,proceedsfromstockoptionexercised,numeric,NULL,NULL,NULL
yahooquery,financial_statements_cf_a,provisionandwriteoffofassets,numeric,NULL,NULL,NULL
yahooquery,financial_statements_cf_a,shorttermdebtissuance,numeric,NULL,NULL,NULL
yahooquery,financial_statements_cf_a,shorttermdebtpayments,numeric,NULL,NULL,NULL
yahooquery,financial_statements_cf_a,amortizationofsecurities,numeric,NULL,NULL,NULL
yahooquery,financial_statements_cf_a,changeinaccruedexpense,numeric,NULL,NULL,NULL
yahooquery,financial_statements_cf_a,gainlossoninvestmentsecurities,numeric,NULL,NULL,NULL
yahooquery,financial_statements_cf_a,netforeigncurrencyexchangegainloss,numeric,NULL,NULL,NULL
yahooquery,financial_statements_cf_a,netpreferredstockissuance,numeric,NULL,NULL,NULL
yahooquery,financial_statements_cf_a,preferredstockissuance,numeric,NULL,NULL,NULL
yahooquery,financial_statements_cf_a,changeinincometaxpayable,numeric,NULL,NULL,NULL
yahooquery,financial_statements_cf_a,changeintaxpayable,numeric,NULL,NULL,NULL
yahooquery,financial_statements_cf_a,saleofbusiness,numeric,NULL,NULL,NULL
yahooquery,financial_statements_cf_a,earningslossesfromequityinvestments,numeric,NULL,NULL,NULL
yahooquery,financial_statements_cf_a,preferredstockdividendpaid,numeric,NULL,NULL,NULL
yahooquery,financial_statements_cf_a,preferredstockpayments,numeric,NULL,NULL,NULL
yahooquery,financial_statements_cf_a,gainlossonsaleofppe,numeric,NULL,NULL,NULL
yahooquery,financial_statements_cf_a,unrealizedgainlossoninvestmentsecurities,numeric,NULL,NULL,NULL
yahooquery,financial_statements_cf_a,saleofppe,numeric,NULL,NULL,NULL
yahooquery,financial_statements_cf_a,capitalexpenditurereported,numeric,NULL,NULL,NULL
yahooquery,financial_statements_cf_a,netintangiblespurchaseandsale,numeric,NULL,NULL,NULL
yahooquery,financial_statements_cf_a,pensionandemployeebenefitexpense,numeric,NULL,NULL,NULL
yahooquery,financial_statements_cf_a,purchaseofintangibles,numeric,NULL,NULL,NULL
yahooquery,financial_statements_cf_a,othercashadjustmentinsidechangeincash,numeric,NULL,NULL,NULL
yahooquery,financial_statements_cf_a,cashfromdiscontinuedfinancingactivities,numeric,NULL,NULL,NULL
yahooquery,financial_statements_cf_a,cashfromdiscontinuedinvestingactivities,numeric,NULL,NULL,NULL
yahooquery,financial_statements_cf_a,cashfromdiscontinuedoperatingactivities,numeric,NULL,NULL,NULL
yahooquery,financial_statements_cf_a,othercashadjustmentoutsidechangeincash,numeric,NULL,NULL,NULL
yahooquery,financial_statements_cf_a,dividendreceivedcfo,numeric,NULL,NULL,NULL
yahooquery,financial_statements_cf_a,changeininterestpayable,numeric,NULL,NULL,NULL
yahooquery,financial_statements_cf_a,dividendsreceivedcfi,numeric,NULL,NULL,NULL
yahooquery,financial_statements_cf_a,saleofintangibles,numeric,NULL,NULL,NULL
yahooquery,financial_statements_cf_a,netinvestmentpropertiespurchaseandsale,numeric,NULL,NULL,NULL
yahooquery,financial_statements_cf_a,purchaseofinvestmentproperties,numeric,NULL,NULL,NULL
yahooquery,financial_statements_cf_a,saleofinvestmentproperties,numeric,NULL,NULL,NULL
yahooquery,financial_statements_cf_a,excesstaxbenefitfromstockbasedcompensation,numeric,NULL,NULL,NULL
yahooquery,financial_statements_cf_a,interestreceivedcfi,numeric,NULL,NULL,NULL
yahooquery,financial_statements_cf_a,interestpaidcff,numeric,NULL,NULL,NULL
yahooquery,financial_statements_cf_a,depletion,numeric,NULL,NULL,NULL
yahooquery,financial_statements_cf_a,cashflowfromdiscontinuedoperation,numeric,NULL,NULL,NULL
yahooquery,financial_statements_cf_a,cashflowsfromusedinoperatingactivitiesdirect,numeric,NULL,NULL,NULL
yahooquery,financial_statements_cf_a,classesofcashpayments,numeric,NULL,NULL,NULL
yahooquery,financial_statements_cf_a,classesofcashreceiptsfromoperatingactivities,numeric,NULL,NULL,NULL
yahooquery,financial_statements_cf_a,othercashpaymentsfromoperatingactivities,numeric,NULL,NULL,NULL
yahooquery,financial_statements_cf_a,othercashreceiptsfromoperatingactivities,numeric,NULL,NULL,NULL
yahooquery,financial_statements_cf_a,paymentsonbehalfofemployees,numeric,NULL,NULL,NULL
yahooquery,financial_statements_cf_a,taxesrefundpaid,numeric,NULL,NULL,NULL
yahooquery,financial_statements_cf_a,dividendpaidcfo,numeric,NULL,NULL,NULL
yahooquery,financial_statements_cf_a,interestpaidcfo,numeric,NULL,NULL,NULL
yahooquery,financial_statements_cf_q,symbol,text,NULL,NULL,NULL
yahooquery,financial_statements_cf_q,asofdate,date,NULL,NULL,NULL
yahooquery,financial_statements_cf_q,periodtype,text,NULL,NULL,NULL
yahooquery,financial_statements_cf_q,currencycode,text,NULL,NULL,NULL
yahooquery,financial_statements_cf_q,beginningcashposition,numeric,NULL,NULL,NULL
yahooquery,financial_statements_cf_q,capitalexpenditure,numeric,NULL,NULL,NULL
yahooquery,financial_statements_cf_q,cashdividendspaid,numeric,NULL,NULL,NULL
yahooquery,financial_statements_cf_q,cashflowfromcontinuingfinancingactivities,numeric,NULL,NULL,NULL
yahooquery,financial_statements_cf_q,cashflowfromcontinuinginvestingactivities,numeric,NULL,NULL,NULL
yahooquery,financial_statements_cf_q,cashflowfromcontinuingoperatingactivities,numeric,NULL,NULL,NULL
yahooquery,financial_statements_cf_q,changeinaccountpayable,numeric,NULL,NULL,NULL
yahooquery,financial_statements_cf_q,changeincashsupplementalasreported,numeric,NULL,NULL,NULL
yahooquery,financial_statements_cf_q,changeininventory,numeric,NULL,NULL,NULL
yahooquery,financial_statements_cf_q,changeinothercurrentassets,numeric,NULL,NULL,NULL
yahooquery,financial_statements_cf_q,changeinothercurrentliabilities,numeric,NULL,NULL,NULL
yahooquery,financial_statements_cf_q,changeinpayable,numeric,NULL,NULL,NULL
yahooquery,financial_statements_cf_q,changeinpayablesandaccruedexpense,numeric,NULL,NULL,NULL
yahooquery,financial_statements_cf_q,changeinreceivables,numeric,NULL,NULL,NULL
yahooquery,financial_statements_cf_q,changeinworkingcapital,numeric,NULL,NULL,NULL
yahooquery,financial_statements_cf_q,changesinaccountreceivables,numeric,NULL,NULL,NULL
yahooquery,financial_statements_cf_q,changesincash,numeric,NULL,NULL,NULL
yahooquery,financial_statements_cf_q,commonstockdividendpaid,numeric,NULL,NULL,NULL
yahooquery,financial_statements_cf_q,commonstockpayments,numeric,NULL,NULL,NULL
yahooquery,financial_statements_cf_q,depreciationamortizationdepletion,numeric,NULL,NULL,NULL
yahooquery,financial_statements_cf_q,depreciationandamortization,numeric,NULL,NULL,NULL
yahooquery,financial_statements_cf_q,endcashposition,numeric,NULL,NULL,NULL
yahooquery,financial_statements_cf_q,financingcashflow,numeric,NULL,NULL,NULL
yahooquery,financial_statements_cf_q,freecashflow,numeric,NULL,NULL,NULL
yahooquery,financial_statements_cf_q,incometaxpaidsupplementaldata,numeric,NULL,NULL,NULL
yahooquery,financial_statements_cf_q,investingcashflow,numeric,NULL,NULL,NULL
yahooquery,financial_statements_cf_q,issuanceofdebt,numeric,NULL,NULL,NULL
yahooquery,financial_statements_cf_q,longtermdebtissuance,numeric,NULL,NULL,NULL
yahooquery,financial_statements_cf_q,longtermdebtpayments,numeric,NULL,NULL,NULL
yahooquery,financial_statements_cf_q,netcommonstockissuance,numeric,NULL,NULL,NULL
yahooquery,financial_statements_cf_q,netincome,numeric,NULL,NULL,NULL
yahooquery,financial_statements_cf_q,netincomefromcontinuingoperations,numeric,NULL,NULL,NULL
yahooquery,financial_statements_cf_q,netinvestmentpurchaseandsale,numeric,NULL,NULL,NULL
yahooquery,financial_statements_cf_q,netissuancepaymentsofdebt,numeric,NULL,NULL,NULL
yahooquery,financial_statements_cf_q,netlongtermdebtissuance,numeric,NULL,NULL,NULL
yahooquery,financial_statements_cf_q,netotherfinancingcharges,numeric,NULL,NULL,NULL
yahooquery,financial_statements_cf_q,netotherinvestingchanges,numeric,NULL,NULL,NULL
yahooquery,financial_statements_cf_q,netppepurchaseandsale,numeric,NULL,NULL,NULL
yahooquery,financial_statements_cf_q,netshorttermdebtissuance,numeric,NULL,NULL,NULL
yahooquery,financial_statements_cf_q,operatingcashflow,numeric,NULL,NULL,NULL
yahooquery,financial_statements_cf_q,othernoncashitems,numeric,NULL,NULL,NULL
yahooquery,financial_statements_cf_q,purchaseofinvestment,numeric,NULL,NULL,NULL
yahooquery,financial_statements_cf_q,purchaseofppe,numeric,NULL,NULL,NULL
yahooquery,financial_statements_cf_q,repaymentofdebt,numeric,NULL,NULL,NULL
yahooquery,financial_statements_cf_q,repurchaseofcapitalstock,numeric,NULL,NULL,NULL
yahooquery,financial_statements_cf_q,saleofinvestment,numeric,NULL,NULL,NULL
yahooquery,financial_statements_cf_q,shorttermdebtpayments,numeric,NULL,NULL,NULL
yahooquery,financial_statements_cf_q,stockbasedcompensation,numeric,NULL,NULL,NULL
yahooquery,financial_statements_cf_q,amortizationcashflow,numeric,NULL,NULL,NULL
yahooquery,financial_statements_cf_q,amortizationofintangibles,numeric,NULL,NULL,NULL
yahooquery,financial_statements_cf_q,assetimpairmentcharge,numeric,NULL,NULL,NULL
yahooquery,financial_statements_cf_q,changeinotherworkingcapital,numeric,NULL,NULL,NULL
yahooquery,financial_statements_cf_q,changeinprepaidassets,numeric,NULL,NULL,NULL
yahooquery,financial_statements_cf_q,deferredincometax,numeric,NULL,NULL,NULL
yahooquery,financial_statements_cf_q,deferredtax,numeric,NULL,NULL,NULL
yahooquery,financial_statements_cf_q,depreciation,numeric,NULL,NULL,NULL
yahooquery,financial_statements_cf_q,effectofexchangeratechanges,numeric,NULL,NULL,NULL
yahooquery,financial_statements_cf_q,gainlossonsaleofbusiness,numeric,NULL,NULL,NULL
yahooquery,financial_statements_cf_q,interestpaidsupplementaldata,numeric,NULL,NULL,NULL
yahooquery,financial_statements_cf_q,netbusinesspurchaseandsale,numeric,NULL,NULL,NULL
yahooquery,financial_statements_cf_q,proceedsfromstockoptionexercised,numeric,NULL,NULL,NULL
yahooquery,financial_statements_cf_q,provisionandwriteoffofassets,numeric,NULL,NULL,NULL
yahooquery,financial_statements_cf_q,purchaseofbusiness,numeric,NULL,NULL,NULL
yahooquery,financial_statements_cf_q,shorttermdebtissuance,numeric,NULL,NULL,NULL
yahooquery,financial_statements_cf_q,amortizationofsecurities,numeric,NULL,NULL,NULL
yahooquery,financial_statements_cf_q,changeinaccruedexpense,numeric,NULL,NULL,NULL
yahooquery,financial_statements_cf_q,netpreferredstockissuance,numeric,NULL,NULL,NULL
yahooquery,financial_statements_cf_q,preferredstockissuance,numeric,NULL,NULL,NULL
yahooquery,financial_statements_cf_q,saleofbusiness,numeric,NULL,NULL,NULL
yahooquery,financial_statements_cf_q,earningslossesfromequityinvestments,numeric,NULL,NULL,NULL
yahooquery,financial_statements_cf_q,gainlossoninvestmentsecurities,numeric,NULL,NULL,NULL
yahooquery,financial_statements_cf_q,issuanceofcapitalstock,numeric,NULL,NULL,NULL
yahooquery,financial_statements_cf_q,operatinggainslosses,numeric,NULL,NULL,NULL
yahooquery,financial_statements_cf_q,preferredstockdividendpaid,numeric,NULL,NULL,NULL
yahooquery,financial_statements_cf_q,changeinincometaxpayable,numeric,NULL,NULL,NULL
yahooquery,financial_statements_cf_q,changeintaxpayable,numeric,NULL,NULL,NULL
yahooquery,financial_statements_cf_q,commonstockissuance,numeric,NULL,NULL,NULL
yahooquery,financial_statements_cf_q,gainlossonsaleofppe,numeric,NULL,NULL,NULL
yahooquery,financial_statements_cf_q,unrealizedgainlossoninvestmentsecurities,numeric,NULL,NULL,NULL
yahooquery,financial_statements_cf_q,capitalexpenditurereported,numeric,NULL,NULL,NULL
yahooquery,financial_statements_cf_q,netintangiblespurchaseandsale,numeric,NULL,NULL,NULL
yahooquery,financial_statements_cf_q,pensionandemployeebenefitexpense,numeric,NULL,NULL,NULL
yahooquery,financial_statements_cf_q,purchaseofintangibles,numeric,NULL,NULL,NULL
yahooquery,financial_statements_cf_q,saleofppe,numeric,NULL,NULL,NULL
yahooquery,financial_statements_cf_q,netforeigncurrencyexchangegainloss,numeric,NULL,NULL,NULL
yahooquery,financial_statements_cf_q,othercashadjustmentinsidechangeincash,numeric,NULL,NULL,NULL
yahooquery,financial_statements_cf_q,cashfromdiscontinuedfinancingactivities,numeric,NULL,NULL,NULL
yahooquery,financial_statements_cf_q,cashfromdiscontinuedinvestingactivities,numeric,NULL,NULL,NULL
yahooquery,financial_statements_cf_q,cashfromdiscontinuedoperatingactivities,numeric,NULL,NULL,NULL
yahooquery,financial_statements_cf_q,othercashadjustmentoutsidechangeincash,numeric,NULL,NULL,NULL
yahooquery,financial_statements_cf_q,preferredstockpayments,numeric,NULL,NULL,NULL
yahooquery,financial_statements_cf_q,dividendreceivedcfo,numeric,NULL,NULL,NULL
yahooquery,financial_statements_cf_q,netinvestmentpropertiespurchaseandsale,numeric,NULL,NULL,NULL
yahooquery,financial_statements_cf_q,purchaseofinvestmentproperties,numeric,NULL,NULL,NULL
yahooquery,financial_statements_cf_q,saleofinvestmentproperties,numeric,NULL,NULL,NULL
yahooquery,financial_statements_cf_q,dividendsreceivedcfi,numeric,NULL,NULL,NULL
yahooquery,financial_statements_cf_q,saleofintangibles,numeric,NULL,NULL,NULL
yahooquery,financial_statements_cf_q,changeininterestpayable,numeric,NULL,NULL,NULL
yahooquery,financial_statements_cf_q,excesstaxbenefitfromstockbasedcompensation,numeric,NULL,NULL,NULL
yahooquery,financial_statements_cf_q,interestpaidcff,numeric,NULL,NULL,NULL
yahooquery,financial_statements_cf_q,depletion,numeric,NULL,NULL,NULL
yahooquery,financial_statements_cf_q,dividendpaidcfo,numeric,NULL,NULL,NULL
yahooquery,financial_statements_cf_q,cashflowfromdiscontinuedoperation,numeric,NULL,NULL,NULL
yahooquery,financial_statements_cf_q,cashflowsfromusedinoperatingactivitiesdirect,numeric,NULL,NULL,NULL
yahooquery,financial_statements_cf_q,classesofcashpayments,numeric,NULL,NULL,NULL
yahooquery,financial_statements_cf_q,classesofcashreceiptsfromoperatingactivities,numeric,NULL,NULL,NULL
yahooquery,financial_statements_cf_q,othercashpaymentsfromoperatingactivities,numeric,NULL,NULL,NULL
yahooquery,financial_statements_cf_q,othercashreceiptsfromoperatingactivities,numeric,NULL,NULL,NULL
yahooquery,financial_statements_cf_q,paymentsonbehalfofemployees,numeric,NULL,NULL,NULL
yahooquery,financial_statements_cf_q,taxesrefundpaid,numeric,NULL,NULL,NULL
yahooquery,financial_statements_cf_q,interestreceivedcfi,numeric,NULL,NULL,NULL
yahooquery,financial_statements_cf_q,interestpaidcfo,numeric,NULL,NULL,NULL
yahooquery,financial_statements_is_a,symbol,text,NULL,NULL,NULL
yahooquery,financial_statements_is_a,asofdate,date,NULL,NULL,NULL
yahooquery,financial_statements_is_a,periodtype,text,NULL,NULL,NULL
yahooquery,financial_statements_is_a,currencycode,text,NULL,NULL,NULL
yahooquery,financial_statements_is_a,basicaverageshares,numeric,NULL,NULL,NULL
yahooquery,financial_statements_is_a,basiceps,numeric,NULL,NULL,NULL
yahooquery,financial_statements_is_a,costofrevenue,numeric,NULL,NULL,NULL
yahooquery,financial_statements_is_a,dilutedaverageshares,numeric,NULL,NULL,NULL
yahooquery,financial_statements_is_a,dilutedeps,numeric,NULL,NULL,NULL
yahooquery,financial_statements_is_a,dilutedniavailtocomstockholders,numeric,NULL,NULL,NULL
yahooquery,financial_statements_is_a,ebit,numeric,NULL,NULL,NULL
yahooquery,financial_statements_is_a,ebitda,numeric,NULL,NULL,NULL
yahooquery,financial_statements_is_a,grossprofit,numeric,NULL,NULL,NULL
yahooquery,financial_statements_is_a,interestexpense,numeric,NULL,NULL,NULL
yahooquery,financial_statements_is_a,interestexpensenonoperating,numeric,NULL,NULL,NULL
yahooquery,financial_statements_is_a,interestincome,numeric,NULL,NULL,NULL
yahooquery,financial_statements_is_a,interestincomenonoperating,numeric,NULL,NULL,NULL
yahooquery,financial_statements_is_a,netincome,numeric,NULL,NULL,NULL
yahooquery,financial_statements_is_a,netincomecommonstockholders,numeric,NULL,NULL,NULL
yahooquery,financial_statements_is_a,netincomecontinuousoperations,numeric,NULL,NULL,NULL
yahooquery,financial_statements_is_a,netincomefromcontinuinganddiscontinuedoperation,numeric,NULL,NULL,NULL
yahooquery,financial_statements_is_a,netincomefromcontinuingoperationnetminorityinterest,numeric,NULL,NULL,NULL
yahooquery,financial_statements_is_a,netincomeincludingnoncontrollinginterests,numeric,NULL,NULL,NULL
yahooquery,financial_statements_is_a,netinterestincome,numeric,NULL,NULL,NULL
yahooquery,financial_statements_is_a,netnonoperatinginterestincomeexpense,numeric,NULL,NULL,NULL
yahooquery,financial_statements_is_a,normalizedebitda,numeric,NULL,NULL,NULL
yahooquery,financial_statements_is_a,normalizedincome,numeric,NULL,NULL,NULL
yahooquery,financial_statements_is_a,operatingexpense,numeric,NULL,NULL,NULL
yahooquery,financial_statements_is_a,operatingincome,numeric,NULL,NULL,NULL
yahooquery,financial_statements_is_a,operatingrevenue,numeric,NULL,NULL,NULL
yahooquery,financial_statements_is_a,otherincomeexpense,numeric,NULL,NULL,NULL
yahooquery,financial_statements_is_a,othernonoperatingincomeexpenses,numeric,NULL,NULL,NULL
yahooquery,financial_statements_is_a,pretaxincome,numeric,NULL,NULL,NULL
yahooquery,financial_statements_is_a,reconciledcostofrevenue,numeric,NULL,NULL,NULL
yahooquery,financial_statements_is_a,reconcileddepreciation,numeric,NULL,NULL,NULL
yahooquery,financial_statements_is_a,researchanddevelopment,numeric,NULL,NULL,NULL
yahooquery,financial_statements_is_a,sellinggeneralandadministration,numeric,NULL,NULL,NULL
yahooquery,financial_statements_is_a,taxeffectofunusualitems,numeric,NULL,NULL,NULL
yahooquery,financial_statements_is_a,taxprovision,numeric,NULL,NULL,NULL
yahooquery,financial_statements_is_a,taxrateforcalcs,numeric,NULL,NULL,NULL
yahooquery,financial_statements_is_a,totalexpenses,numeric,NULL,NULL,NULL
yahooquery,financial_statements_is_a,totaloperatingincomeasreported,numeric,NULL,NULL,NULL
yahooquery,financial_statements_is_a,totalrevenue,numeric,NULL,NULL,NULL
yahooquery,financial_statements_is_a,gainonsaleofsecurity,numeric,NULL,NULL,NULL
yahooquery,financial_statements_is_a,minorityinterests,numeric,NULL,NULL,NULL
yahooquery,financial_statements_is_a,otheroperatingexpenses,numeric,NULL,NULL,NULL
yahooquery,financial_statements_is_a,otherspecialcharges,numeric,NULL,NULL,NULL
yahooquery,financial_statements_is_a,otherunderpreferredstockdividend,numeric,NULL,NULL,NULL
yahooquery,financial_statements_is_a,specialincomecharges,numeric,NULL,NULL,NULL
yahooquery,financial_statements_is_a,totalunusualitems,numeric,NULL,NULL,NULL
yahooquery,financial_statements_is_a,totalunusualitemsexcludinggoodwill,numeric,NULL,NULL,NULL
yahooquery,financial_statements_is_a,generalandadministrativeexpense,numeric,NULL,NULL,NULL
yahooquery,financial_statements_is_a,otherganda,numeric,NULL,NULL,NULL
yahooquery,financial_statements_is_a,restructuringandmergernacquisition,numeric,NULL,NULL,NULL
yahooquery,financial_statements_is_a,sellingandmarketingexpense,numeric,NULL,NULL,NULL
yahooquery,financial_statements_is_a,amortization,numeric,NULL,NULL,NULL
yahooquery,financial_statements_is_a,amortizationofintangiblesincomestatement,numeric,NULL,NULL,NULL
yahooquery,financial_statements_is_a,depreciationamortizationdepletionincomestatement,numeric,NULL,NULL,NULL
yahooquery,financial_statements_is_a,depreciationandamortizationinincomestatement,numeric,NULL,NULL,NULL
yahooquery,financial_statements_is_a,netincomediscontinuousoperations,numeric,NULL,NULL,NULL
yahooquery,financial_statements_is_a,earningsfromequityinterestnetoftax,numeric,NULL,NULL,NULL
yahooquery,financial_statements_is_a,preferredstockdividends,numeric,NULL,NULL,NULL
yahooquery,financial_statements_is_a,averagedilutionearnings,numeric,NULL,NULL,NULL
yahooquery,financial_statements_is_a,gainonsaleofbusiness,numeric,NULL,NULL,NULL
yahooquery,financial_statements_is_a,earningsfromequityinterest,numeric,NULL,NULL,NULL
yahooquery,financial_statements_is_a,gainonsaleofppe,numeric,NULL,NULL,NULL
yahooquery,financial_statements_is_a,impairmentofcapitalassets,numeric,NULL,NULL,NULL
yahooquery,financial_statements_is_a,writeoff,numeric,NULL,NULL,NULL
yahooquery,financial_statements_is_a,salariesandwages,numeric,NULL,NULL,NULL
yahooquery,financial_statements_is_a,totalotherfinancecost,numeric,NULL,NULL,NULL
yahooquery,financial_statements_is_a,othertaxes,numeric,NULL,NULL,NULL
yahooquery,financial_statements_is_a,depreciationincomestatement,numeric,NULL,NULL,NULL
yahooquery,financial_statements_is_a,provisionfordoubtfulaccounts,numeric,NULL,NULL,NULL
yahooquery,financial_statements_is_a,rentandlandingfees,numeric,NULL,NULL,NULL
yahooquery,financial_statements_is_a,rentexpensesupplemental,numeric,NULL,NULL,NULL
yahooquery,financial_statements_is_a,insuranceandclaims,numeric,NULL,NULL,NULL
yahooquery,financial_statements_is_a,excisetaxes,numeric,NULL,NULL,NULL
yahooquery,financial_statements_is_a,depletionincomestatement,numeric,NULL,NULL,NULL
yahooquery,financial_statements_is_a,netincomeextraordinary,numeric,NULL,NULL,NULL
yahooquery,financial_statements_is_a,netincomefromtaxlosscarryforward,numeric,NULL,NULL,NULL
yahooquery,financial_statements_is_a,securitiesamortization,numeric,NULL,NULL,NULL
yahooquery,financial_statements_is_q,symbol,text,NULL,NULL,NULL
yahooquery,financial_statements_is_q,asofdate,date,NULL,NULL,NULL
yahooquery,financial_statements_is_q,periodtype,text,NULL,NULL,NULL
yahooquery,financial_statements_is_q,currencycode,text,NULL,NULL,NULL
yahooquery,financial_statements_is_q,basicaverageshares,numeric,NULL,NULL,NULL
yahooquery,financial_statements_is_q,basiceps,numeric,NULL,NULL,NULL
yahooquery,financial_statements_is_q,costofrevenue,numeric,NULL,NULL,NULL
yahooquery,financial_statements_is_q,dilutedaverageshares,numeric,NULL,NULL,NULL
yahooquery,financial_statements_is_q,dilutedeps,numeric,NULL,NULL,NULL
yahooquery,financial_statements_is_q,dilutedniavailtocomstockholders,numeric,NULL,NULL,NULL
yahooquery,financial_statements_is_q,ebit,numeric,NULL,NULL,NULL
yahooquery,financial_statements_is_q,ebitda,numeric,NULL,NULL,NULL
yahooquery,financial_statements_is_q,grossprofit,numeric,NULL,NULL,NULL
yahooquery,financial_statements_is_q,netincome,numeric,NULL,NULL,NULL
yahooquery,financial_statements_is_q,netincomecommonstockholders,numeric,NULL,NULL,NULL
yahooquery,financial_statements_is_q,netincomecontinuousoperations,numeric,NULL,NULL,NULL
yahooquery,financial_statements_is_q,netincomefromcontinuinganddiscontinuedoperation,numeric,NULL,NULL,NULL
yahooquery,financial_statements_is_q,netincomefromcontinuingoperationnetminorityinterest,numeric,NULL,NULL,NULL
yahooquery,financial_statements_is_q,netincomeincludingnoncontrollinginterests,numeric,NULL,NULL,NULL
yahooquery,financial_statements_is_q,normalizedebitda,numeric,NULL,NULL,NULL
yahooquery,financial_statements_is_q,normalizedincome,numeric,NULL,NULL,NULL
yahooquery,financial_statements_is_q,operatingexpense,numeric,NULL,NULL,NULL
yahooquery,financial_statements_is_q,operatingincome,numeric,NULL,NULL,NULL
yahooquery,financial_statements_is_q,operatingrevenue,numeric,NULL,NULL,NULL
yahooquery,financial_statements_is_q,otherincomeexpense,numeric,NULL,NULL,NULL
yahooquery,financial_statements_is_q,othernonoperatingincomeexpenses,numeric,NULL,NULL,NULL
yahooquery,financial_statements_is_q,pretaxincome,numeric,NULL,NULL,NULL
yahooquery,financial_statements_is_q,reconciledcostofrevenue,numeric,NULL,NULL,NULL
yahooquery,financial_statements_is_q,reconcileddepreciation,numeric,NULL,NULL,NULL
yahooquery,financial_statements_is_q,researchanddevelopment,numeric,NULL,NULL,NULL
yahooquery,financial_statements_is_q,sellinggeneralandadministration,numeric,NULL,NULL,NULL
yahooquery,financial_statements_is_q,taxeffectofunusualitems,numeric,NULL,NULL,NULL
yahooquery,financial_statements_is_q,taxprovision,numeric,NULL,NULL,NULL
yahooquery,financial_statements_is_q,taxrateforcalcs,numeric,NULL,NULL,NULL
yahooquery,financial_statements_is_q,totalexpenses,numeric,NULL,NULL,NULL
yahooquery,financial_statements_is_q,totaloperatingincomeasreported,numeric,NULL,NULL,NULL
yahooquery,financial_statements_is_q,totalrevenue,numeric,NULL,NULL,NULL
yahooquery,financial_statements_is_q,gainonsaleofsecurity,numeric,NULL,NULL,NULL
yahooquery,financial_statements_is_q,interestexpense,numeric,NULL,NULL,NULL
yahooquery,financial_statements_is_q,interestexpensenonoperating,numeric,NULL,NULL,NULL
yahooquery,financial_statements_is_q,interestincome,numeric,NULL,NULL,NULL
yahooquery,financial_statements_is_q,interestincomenonoperating,numeric,NULL,NULL,NULL
yahooquery,financial_statements_is_q,minorityinterests,numeric,NULL,NULL,NULL
yahooquery,financial_statements_is_q,netinterestincome,numeric,NULL,NULL,NULL
yahooquery,financial_statements_is_q,netnonoperatinginterestincomeexpense,numeric,NULL,NULL,NULL
yahooquery,financial_statements_is_q,otheroperatingexpenses,numeric,NULL,NULL,NULL
yahooquery,financial_statements_is_q,otherspecialcharges,numeric,NULL,NULL,NULL
yahooquery,financial_statements_is_q,otherunderpreferredstockdividend,numeric,NULL,NULL,NULL
yahooquery,financial_statements_is_q,restructuringandmergernacquisition,numeric,NULL,NULL,NULL
yahooquery,financial_statements_is_q,specialincomecharges,numeric,NULL,NULL,NULL
yahooquery,financial_statements_is_q,totalunusualitems,numeric,NULL,NULL,NULL
yahooquery,financial_statements_is_q,totalunusualitemsexcludinggoodwill,numeric,NULL,NULL,NULL
yahooquery,financial_statements_is_q,averagedilutionearnings,numeric,NULL,NULL,NULL
yahooquery,financial_statements_is_q,generalandadministrativeexpense,numeric,NULL,NULL,NULL
yahooquery,financial_statements_is_q,otherganda,numeric,NULL,NULL,NULL
yahooquery,financial_statements_is_q,sellingandmarketingexpense,numeric,NULL,NULL,NULL
yahooquery,financial_statements_is_q,amortization,numeric,NULL,NULL,NULL
yahooquery,financial_statements_is_q,amortizationofintangiblesincomestatement,numeric,NULL,NULL,NULL
yahooquery,financial_statements_is_q,depreciationamortizationdepletionincomestatement,numeric,NULL,NULL,NULL
yahooquery,financial_statements_is_q,depreciationandamortizationinincomestatement,numeric,NULL,NULL,NULL
yahooquery,financial_statements_is_q,earningsfromequityinterestnetoftax,numeric,NULL,NULL,NULL
yahooquery,financial_statements_is_q,preferredstockdividends,numeric,NULL,NULL,NULL
yahooquery,financial_statements_is_q,earningsfromequityinterest,numeric,NULL,NULL,NULL
yahooquery,financial_statements_is_q,gainonsaleofppe,numeric,NULL,NULL,NULL
yahooquery,financial_statements_is_q,impairmentofcapitalassets,numeric,NULL,NULL,NULL
yahooquery,financial_statements_is_q,writeoff,numeric,NULL,NULL,NULL
yahooquery,financial_statements_is_q,salariesandwages,numeric,NULL,NULL,NULL
yahooquery,financial_statements_is_q,totalotherfinancecost,numeric,NULL,NULL,NULL
yahooquery,financial_statements_is_q,othertaxes,numeric,NULL,NULL,NULL
yahooquery,financial_statements_is_q,gainonsaleofbusiness,numeric,NULL,NULL,NULL
yahooquery,financial_statements_is_q,netincomediscontinuousoperations,numeric,NULL,NULL,NULL
yahooquery,financial_statements_is_q,provisionfordoubtfulaccounts,numeric,NULL,NULL,NULL
yahooquery,financial_statements_is_q,depreciationincomestatement,numeric,NULL,NULL,NULL
yahooquery,financial_statements_is_q,rentandlandingfees,numeric,NULL,NULL,NULL
yahooquery,financial_statements_is_q,rentexpensesupplemental,numeric,NULL,NULL,NULL
yahooquery,financial_statements_is_q,insuranceandclaims,numeric,NULL,NULL,NULL
yahooquery,financial_statements_is_q,excisetaxes,numeric,NULL,NULL,NULL
yahooquery,financial_statements_is_q,netincomeextraordinary,numeric,NULL,NULL,NULL
yahooquery,financial_statements_is_q,securitiesamortization,numeric,NULL,NULL,NULL
yahooquery,financial_statements_is_q,netincomefromtaxlosscarryforward,numeric,NULL,NULL,NULL
yahooquery,financial_statements_is_q,depletionincomestatement,numeric,NULL,NULL,NULL
yahooquery,fundamentals_financial_data,ticker,text,NULL,NULL,NULL
yahooquery,fundamentals_financial_data,date,date,NULL,NULL,NULL
yahooquery,fundamentals_financial_data,fin_currentprice,numeric,NULL,12,4
yahooquery,fundamentals_financial_data,fin_currentratio,numeric,NULL,10,4
yahooquery,fundamentals_financial_data,fin_debttoequity,numeric,NULL,15,4
yahooquery,fundamentals_financial_data,fin_earningsgrowth,numeric,NULL,10,4
yahooquery,fundamentals_financial_data,fin_ebitda,numeric,NULL,20,0
yahooquery,fundamentals_financial_data,fin_ebitdamargins,numeric,NULL,10,6
yahooquery,fundamentals_financial_data,fin_financialcurrency,text,NULL,NULL,NULL
yahooquery,fundamentals_financial_data,fin_freecashflow,numeric,NULL,20,0
yahooquery,fundamentals_financial_data,fin_grossmargins,numeric,NULL,10,6
yahooquery,fundamentals_financial_data,fin_grossprofits,numeric,NULL,20,0
yahooquery,fundamentals_financial_data,fin_maxage,numeric,NULL,10,0
yahooquery,fundamentals_financial_data,fin_numberofanalystopinions,numeric,NULL,10,0
yahooquery,fundamentals_financial_data,fin_operatingcashflow,numeric,NULL,20,0
yahooquery,fundamentals_financial_data,fin_operatingmargins,numeric,NULL,10,6
yahooquery,fundamentals_financial_data,fin_profitmargins,numeric,NULL,10,6
yahooquery,fundamentals_financial_data,fin_quickratio,numeric,NULL,10,4
yahooquery,fundamentals_financial_data,fin_recommendationkey,text,NULL,NULL,NULL
yahooquery,fundamentals_financial_data,fin_recommendationmean,numeric,NULL,10,4
yahooquery,fundamentals_financial_data,fin_returnonassets,numeric,NULL,10,6
yahooquery,fundamentals_financial_data,fin_returnonequity,numeric,NULL,10,6
yahooquery,fundamentals_financial_data,fin_revenuegrowth,numeric,NULL,10,4
yahooquery,fundamentals_financial_data,fin_revenuepershare,numeric,NULL,12,4
yahooquery,fundamentals_financial_data,fin_targethighprice,numeric,NULL,12,4
yahooquery,fundamentals_financial_data,fin_targetlowprice,numeric,NULL,12,4
yahooquery,fundamentals_financial_data,fin_targetmeanprice,numeric,NULL,12,4
yahooquery,fundamentals_financial_data,fin_targetmedianprice,numeric,NULL,12,4
yahooquery,fundamentals_financial_data,fin_totalcash,numeric,NULL,20,0
yahooquery,fundamentals_financial_data,fin_totalcashpershare,numeric,NULL,12,4
yahooquery,fundamentals_financial_data,fin_totaldebt,numeric,NULL,20,0
yahooquery,fundamentals_financial_data,fin_totalrevenue,numeric,NULL,20,0
yahooquery,fundamentals_key_stats,ticker,text,NULL,NULL,NULL
yahooquery,fundamentals_key_stats,date,date,NULL,NULL,NULL
yahooquery,fundamentals_key_stats,keystats_52weekchange,numeric,NULL,10,8
yahooquery,fundamentals_key_stats,keystats_sandp52weekchange,numeric,NULL,10,8
yahooquery,fundamentals_key_stats,keystats_beta,numeric,NULL,10,4
yahooquery,fundamentals_key_stats,keystats_bookvalue,numeric,NULL,12,4
yahooquery,fundamentals_key_stats,keystats_category,text,NULL,NULL,NULL
yahooquery,fundamentals_key_stats,keystats_dateshortinterest,timestamp without time zone,NULL,NULL,NULL
yahooquery,fundamentals_key_stats,keystats_earningsquarterlygrowth,numeric,NULL,10,4
yahooquery,fundamentals_key_stats,keystats_enterprisetoebitda,numeric,NULL,12,4
yahooquery,fundamentals_key_stats,keystats_enterprisetorevenue,numeric,NULL,12,4
yahooquery,fundamentals_key_stats,keystats_enterprisevalue,numeric,NULL,20,0
yahooquery,fundamentals_key_stats,keystats_floatshares,numeric,NULL,20,0
yahooquery,fundamentals_key_stats,keystats_forwardeps,numeric,NULL,10,4
yahooquery,fundamentals_key_stats,keystats_forwardpe,numeric,NULL,10,4
yahooquery,fundamentals_key_stats,keystats_fundfamily,text,NULL,NULL,NULL
yahooquery,fundamentals_key_stats,keystats_heldpercentinsiders,numeric,NULL,10,6
yahooquery,fundamentals_key_stats,keystats_heldpercentinstitutions,numeric,NULL,10,6
yahooquery,fundamentals_key_stats,keystats_impliedsharesoutstanding,numeric,NULL,20,0
yahooquery,fundamentals_key_stats,keystats_lastdividenddate,numeric,NULL,20,0
yahooquery,fundamentals_key_stats,keystats_lastdividendvalue,numeric,NULL,10,4
yahooquery,fundamentals_key_stats,keystats_lastfiscalyearend,timestamp without time zone,NULL,NULL,NULL
yahooquery,fundamentals_key_stats,keystats_lastsplitdate,text,NULL,NULL,NULL
yahooquery,fundamentals_key_stats,keystats_lastsplitfactor,text,NULL,NULL,NULL
yahooquery,fundamentals_key_stats,keystats_latestshareclass,text,NULL,NULL,NULL
yahooquery,fundamentals_key_stats,keystats_leadinvestor,text,NULL,NULL,NULL
yahooquery,fundamentals_key_stats,keystats_legaltype,text,NULL,NULL,NULL
yahooquery,fundamentals_key_stats,keystats_maxage,integer,NULL,32,0
yahooquery,fundamentals_key_stats,keystats_mostrecentquarter,timestamp without time zone,NULL,NULL,NULL
yahooquery,fundamentals_key_stats,keystats_netincometocommon,numeric,NULL,20,0
yahooquery,fundamentals_key_stats,keystats_nextfiscalyearend,timestamp without time zone,NULL,NULL,NULL
yahooquery,fundamentals_key_stats,keystats_pricehint,integer,NULL,32,0
yahooquery,fundamentals_key_stats,keystats_pricetobook,numeric,NULL,12,4
yahooquery,fundamentals_key_stats,keystats_profitmargins,numeric,NULL,10,6
yahooquery,fundamentals_key_stats,keystats_sharesoutstanding,numeric,NULL,20,0
yahooquery,fundamentals_key_stats,keystats_sharespercentsharesout,numeric,NULL,10,6
yahooquery,fundamentals_key_stats,keystats_sharesshort,numeric,NULL,20,0
yahooquery,fundamentals_key_stats,keystats_sharesshortpreviousmonthdate,date,NULL,NULL,NULL
yahooquery,fundamentals_key_stats,keystats_shortpercentoffloat,numeric,NULL,10,6
yahooquery,fundamentals_key_stats,keystats_shortratio,numeric,NULL,10,4
yahooquery,fundamentals_key_stats,keystats_trailingeps,numeric,NULL,10,4
yahooquery,fundamentals_key_stats,keystats_sharesshortpriormonth,numeric,NULL,20,0
yahooquery,fundamentals_price_data,ticker,text,NULL,NULL,NULL
yahooquery,fundamentals_price_data,date,date,NULL,NULL,NULL
yahooquery,fundamentals_price_data,price_currency,text,NULL,NULL,NULL
yahooquery,fundamentals_price_data,price_currencysymbol,text,NULL,NULL,NULL
yahooquery,fundamentals_price_data,price_exchange,text,NULL,NULL,NULL
yahooquery,fundamentals_price_data,price_exchangedatadelayedby,numeric,NULL,10,0
yahooquery,fundamentals_price_data,price_exchangename,text,NULL,NULL,NULL
yahooquery,fundamentals_price_data,price_fromcurrency,text,NULL,NULL,NULL
yahooquery,fundamentals_price_data,price_lastmarket,text,NULL,NULL,NULL
yahooquery,fundamentals_price_data,price_longname,text,NULL,NULL,NULL
yahooquery,fundamentals_price_data,price_marketcap,numeric,NULL,20,0
yahooquery,fundamentals_price_data,price_marketstate,text,NULL,NULL,NULL
yahooquery,fundamentals_price_data,price_maxage,numeric,NULL,10,0
yahooquery,fundamentals_price_data,price_postmarketchange,numeric,NULL,16,8
yahooquery,fundamentals_price_data,price_postmarketchangepercent,numeric,NULL,16,8
yahooquery,fundamentals_price_data,price_postmarketprice,numeric,NULL,16,4
yahooquery,fundamentals_price_data,price_postmarketsource,text,NULL,NULL,NULL
yahooquery,fundamentals_price_data,price_postmarkettime,timestamp without time zone,NULL,NULL,NULL
yahooquery,fundamentals_price_data,price_premarketchange,numeric,NULL,16,8
yahooquery,fundamentals_price_data,price_premarketchangepercent,numeric,NULL,16,8
yahooquery,fundamentals_price_data,price_premarketprice,numeric,NULL,16,4
yahooquery,fundamentals_price_data,price_premarketsource,text,NULL,NULL,NULL
yahooquery,fundamentals_price_data,price_premarkettime,timestamp without time zone,NULL,NULL,NULL
yahooquery,fundamentals_price_data,price_pricehint,numeric,NULL,10,0
yahooquery,fundamentals_price_data,price_quotesourcename,text,NULL,NULL,NULL
yahooquery,fundamentals_price_data,price_quotetype,text,NULL,NULL,NULL
yahooquery,fundamentals_price_data,price_regularmarketchange,numeric,NULL,16,4
yahooquery,fundamentals_price_data,price_regularmarketchangepercent,numeric,NULL,16,8
yahooquery,fundamentals_price_data,price_regularmarketdayhigh,numeric,NULL,16,4
yahooquery,fundamentals_price_data,price_regularmarketdaylow,numeric,NULL,16,4
yahooquery,fundamentals_price_data,price_regularmarketopen,numeric,NULL,16,4
yahooquery,fundamentals_price_data,price_regularmarketpreviousclose,numeric,NULL,16,4
yahooquery,fundamentals_price_data,price_regularmarketprice,numeric,NULL,16,4
yahooquery,fundamentals_price_data,price_regularmarketsource,text,NULL,NULL,NULL
yahooquery,fundamentals_price_data,price_regularmarkettime,timestamp without time zone,NULL,NULL,NULL
yahooquery,fundamentals_price_data,price_regularmarketvolume,numeric,NULL,20,0
yahooquery,fundamentals_price_data,price_shortname,text,NULL,NULL,NULL
yahooquery,fundamentals_price_data,price_symbol,text,NULL,NULL,NULL
yahooquery,fundamentals_price_data,price_tocurrency,text,NULL,NULL,NULL
yahooquery,fundamentals_price_data,price_underlyingsymbol,text,NULL,NULL,NULL
yahooquery,fundamentals_profile_data,ticker,text,NULL,NULL,NULL
yahooquery,fundamentals_profile_data,date,date,NULL,NULL,NULL
yahooquery,fundamentals_profile_data,profile_address1,text,NULL,NULL,NULL
yahooquery,fundamentals_profile_data,profile_address2,text,NULL,NULL,NULL
yahooquery,fundamentals_profile_data,profile_auditrisk,numeric,NULL,20,0
yahooquery,fundamentals_profile_data,profile_boardrisk,numeric,NULL,20,0
yahooquery,fundamentals_profile_data,profile_city,text,NULL,NULL,NULL
yahooquery,fundamentals_profile_data,profile_companyofficers,json,NULL,NULL,NULL
yahooquery,fundamentals_profile_data,profile_compensationasofepochdate,timestamp without time zone,NULL,NULL,NULL
yahooquery,fundamentals_profile_data,profile_compensationrisk,numeric,NULL,20,0
yahooquery,fundamentals_profile_data,profile_country,text,NULL,NULL,NULL
yahooquery,fundamentals_profile_data,profile_executiveteam,json,NULL,NULL,NULL
yahooquery,fundamentals_profile_data,profile_fax,text,NULL,NULL,NULL
yahooquery,fundamentals_profile_data,profile_fulltimeemployees,numeric,NULL,20,0
yahooquery,fundamentals_profile_data,profile_governanceepochdate,timestamp without time zone,NULL,NULL,NULL
yahooquery,fundamentals_profile_data,profile_industry,text,NULL,NULL,NULL
yahooquery,fundamentals_profile_data,profile_industrydisp,text,NULL,NULL,NULL
yahooquery,fundamentals_profile_data,profile_industrykey,text,NULL,NULL,NULL
yahooquery,fundamentals_profile_data,profile_industrysymbol,text,NULL,NULL,NULL
yahooquery,fundamentals_profile_data,profile_irwebsite,text,NULL,NULL,NULL
yahooquery,fundamentals_profile_data,profile_longbusinesssummary,text,NULL,NULL,NULL
yahooquery,fundamentals_profile_data,profile_maxage,numeric,NULL,20,0
yahooquery,fundamentals_profile_data,profile_overallrisk,numeric,NULL,20,0
yahooquery,fundamentals_profile_data,profile_phone,text,NULL,NULL,NULL
yahooquery,fundamentals_profile_data,profile_sector,text,NULL,NULL,NULL
yahooquery,fundamentals_profile_data,profile_sectordisp,text,NULL,NULL,NULL
yahooquery,fundamentals_profile_data,profile_sectorkey,text,NULL,NULL,NULL
yahooquery,fundamentals_profile_data,profile_shareholderrightsrisk,numeric,NULL,20,0
yahooquery,fundamentals_profile_data,profile_state,text,NULL,NULL,NULL
yahooquery,fundamentals_profile_data,profile_website,text,NULL,NULL,NULL
yahooquery,fundamentals_profile_data,profile_zip,text,NULL,NULL,NULL
yahooquery,fundamentals_summary_data,ticker,text,NULL,NULL,NULL
yahooquery,fundamentals_summary_data,date,date,NULL,NULL,NULL
yahooquery,fundamentals_summary_data,summary_algorithm,text,NULL,NULL,NULL
yahooquery,fundamentals_summary_data,summary_ask,numeric,NULL,18,6
yahooquery,fundamentals_summary_data,summary_asksize,numeric,NULL,30,0
yahooquery,fundamentals_summary_data,summary_averagedailyvolume10day,numeric,NULL,30,0
yahooquery,fundamentals_summary_data,summary_averagevolume,numeric,NULL,30,0
yahooquery,fundamentals_summary_data,summary_averagevolume10days,numeric,NULL,30,0
yahooquery,fundamentals_summary_data,summary_beta,numeric,NULL,12,6
yahooquery,fundamentals_summary_data,summary_bid,numeric,NULL,18,6
yahooquery,fundamentals_summary_data,summary_bidsize,numeric,NULL,30,0
yahooquery,fundamentals_summary_data,summary_coinmarketcaplink,text,NULL,NULL,NULL
yahooquery,fundamentals_summary_data,summary_currency,text,NULL,NULL,NULL
yahooquery,fundamentals_summary_data,summary_dayhigh,numeric,NULL,18,6
yahooquery,fundamentals_summary_data,summary_daylow,numeric,NULL,18,6
yahooquery,fundamentals_summary_data,summary_dividendrate,numeric,NULL,12,6
yahooquery,fundamentals_summary_data,summary_dividendyield,numeric,NULL,12,6
yahooquery,fundamentals_summary_data,summary_exdividenddate,timestamp without time zone,NULL,NULL,NULL
yahooquery,fundamentals_summary_data,summary_fiftydayaverage,numeric,NULL,18,6
yahooquery,fundamentals_summary_data,summary_fiftytwoweekhigh,numeric,NULL,18,6
yahooquery,fundamentals_summary_data,summary_fiftytwoweeklow,numeric,NULL,18,6
yahooquery,fundamentals_summary_data,summary_fiveyearavgdividendyield,numeric,NULL,12,6
yahooquery,fundamentals_summary_data,summary_forwardpe,numeric,NULL,18,6
yahooquery,fundamentals_summary_data,summary_fromcurrency,text,NULL,NULL,NULL
yahooquery,fundamentals_summary_data,summary_lastmarket,text,NULL,NULL,NULL
yahooquery,fundamentals_summary_data,summary_marketcap,numeric,NULL,30,0
yahooquery,fundamentals_summary_data,summary_maxage,numeric,NULL,30,0
yahooquery,fundamentals_summary_data,summary_open,numeric,NULL,18,6
yahooquery,fundamentals_summary_data,summary_payoutratio,numeric,NULL,12,6
yahooquery,fundamentals_summary_data,summary_previousclose,numeric,NULL,18,6
yahooquery,fundamentals_summary_data,summary_pricehint,numeric,NULL,30,0
yahooquery,fundamentals_summary_data,summary_pricetosalestrailing12months,numeric,NULL,18,6
yahooquery,fundamentals_summary_data,summary_regularmarketdayhigh,numeric,NULL,18,6
yahooquery,fundamentals_summary_data,summary_regularmarketdaylow,numeric,NULL,18,6
yahooquery,fundamentals_summary_data,summary_regularmarketopen,numeric,NULL,18,6
yahooquery,fundamentals_summary_data,summary_regularmarketpreviousclose,numeric,NULL,18,6
yahooquery,fundamentals_summary_data,summary_regularmarketvolume,numeric,NULL,30,0
yahooquery,fundamentals_summary_data,summary_tocurrency,text,NULL,NULL,NULL
yahooquery,fundamentals_summary_data,summary_tradeable,boolean,NULL,NULL,NULL
yahooquery,fundamentals_summary_data,summary_trailingannualdividendrate,numeric,NULL,12,6
yahooquery,fundamentals_summary_data,summary_trailingannualdividendyield,numeric,NULL,12,6
yahooquery,fundamentals_summary_data,summary_trailingpe,numeric,NULL,18,6
yahooquery,fundamentals_summary_data,summary_twohundreddayaverage,numeric,NULL,18,6
yahooquery,fundamentals_summary_data,summary_volume,numeric,NULL,30,0
yahooquery,pricing_history,symbol,text,NULL,NULL,NULL
yahooquery,pricing_history,date,date,NULL,NULL,NULL
yahooquery,pricing_history,ticker,text,NULL,NULL,NULL
yahooquery,pricing_history,open,numeric,NULL,18,6
yahooquery,pricing_history,high,numeric,NULL,18,6
yahooquery,pricing_history,low,numeric,NULL,18,6
yahooquery,pricing_history,close,numeric,NULL,18,6
yahooquery,pricing_history,adjclose,numeric,NULL,18,6
yahooquery,pricing_history,volume,bigint,NULL,64,0
yahooquery,pricing_history,dividends,numeric,NULL,18,6
yahooquery,pricing_history,splits,numeric,NULL,18,6
yahooquery,pricing_option_chain,date,date,NULL,NULL,NULL
yahooquery,pricing_option_chain,symbol,text,NULL,NULL,NULL
yahooquery,pricing_option_chain,expiration,date,NULL,NULL,NULL
yahooquery,pricing_option_chain,optiontype,text,NULL,NULL,NULL
yahooquery,pricing_option_chain,contractsymbol,text,NULL,NULL,NULL
yahooquery,pricing_option_chain,strike,numeric,NULL,12,4
yahooquery,pricing_option_chain,lastprice,numeric,NULL,12,4
yahooquery,pricing_option_chain,bid,numeric,NULL,12,4
yahooquery,pricing_option_chain,ask,numeric,NULL,12,4
yahooquery,pricing_option_chain,volume,integer,NULL,32,0
yahooquery,pricing_option_chain,openinterest,integer,NULL,32,0
yahooquery,pricing_option_chain,impliedvolatility,numeric,NULL,8,6
yahooquery,pricing_option_chain,inthemoney,boolean,NULL,NULL,NULL
yahooquery,pricing_technical_insights,date,date,NULL,NULL,NULL
yahooquery,pricing_technical_insights,symbol,text,NULL,NULL,NULL
yahooquery,pricing_technical_insights,instrument_provider,text,NULL,NULL,NULL
yahooquery,pricing_technical_insights,sector,text,NULL,NULL,NULL
yahooquery,pricing_technical_insights,st_state_desc,text,NULL,NULL,NULL
yahooquery,pricing_technical_insights,st_direction,text,NULL,NULL,NULL
yahooquery,pricing_technical_insights,st_score,integer,NULL,32,0
yahooquery,pricing_technical_insights,st_score_desc,text,NULL,NULL,NULL
yahooquery,pricing_technical_insights,st_sector_direction,text,NULL,NULL,NULL
yahooquery,pricing_technical_insights,st_sector_score,integer,NULL,32,0
yahooquery,pricing_technical_insights,st_sector_score_desc,text,NULL,NULL,NULL
yahooquery,pricing_technical_insights,st_index_direction,text,NULL,NULL,NULL
yahooquery,pricing_technical_insights,st_index_score,integer,NULL,32,0
yahooquery,pricing_technical_insights,st_index_score_desc,text,NULL,NULL,NULL
yahooquery,pricing_technical_insights,it_state_desc,text,NULL,NULL,NULL
yahooquery,pricing_technical_insights,it_direction,text,NULL,NULL,NULL
yahooquery,pricing_technical_insights,it_score,integer,NULL,32,0
yahooquery,pricing_technical_insights,it_score_desc,text,NULL,NULL,NULL
yahooquery,pricing_technical_insights,it_sector_direction,text,NULL,NULL,NULL
yahooquery,pricing_technical_insights,it_sector_score,integer,NULL,32,0
yahooquery,pricing_technical_insights,it_sector_score_desc,text,NULL,NULL,NULL
yahooquery,pricing_technical_insights,it_index_direction,text,NULL,NULL,NULL
yahooquery,pricing_technical_insights,it_index_score,integer,NULL,32,0
yahooquery,pricing_technical_insights,it_index_score_desc,text,NULL,NULL,NULL
yahooquery,pricing_technical_insights,lt_state_desc,text,NULL,NULL,NULL
yahooquery,pricing_technical_insights,lt_direction,text,NULL,NULL,NULL
yahooquery,pricing_technical_insights,lt_score,integer,NULL,32,0
yahooquery,pricing_technical_insights,lt_score_desc,text,NULL,NULL,NULL
yahooquery,pricing_technical_insights,lt_sector_direction,text,NULL,NULL,NULL
yahooquery,pricing_technical_insights,lt_sector_score,integer,NULL,32,0
yahooquery,pricing_technical_insights,lt_sector_score_desc,text,NULL,NULL,NULL
yahooquery,pricing_technical_insights,lt_index_direction,text,NULL,NULL,NULL
yahooquery,pricing_technical_insights,lt_index_score,integer,NULL,32,0
yahooquery,pricing_technical_insights,lt_index_score_desc,text,NULL,NULL,NULL
yahooquery,pricing_technical_insights,keytechnicals_provider,text,NULL,NULL,NULL
yahooquery,pricing_technical_insights,support,numeric,NULL,NULL,NULL
yahooquery,pricing_technical_insights,resistance,numeric,NULL,NULL,NULL
yahooquery,pricing_technical_insights,stoploss,numeric,NULL,NULL,NULL
yahooquery,pricing_technical_insights,valuation_color,text,NULL,NULL,NULL
yahooquery,pricing_technical_insights,valuation_desc,text,NULL,NULL,NULL
yahooquery,pricing_technical_insights,valuation_discount,text,NULL,NULL,NULL
yahooquery,pricing_technical_insights,valuation_relative,text,NULL,NULL,NULL
yahooquery,pricing_technical_insights,valuation_provider,text,NULL,NULL,NULL
yahooquery,pricing_technical_insights,company_sector_info,text,NULL,NULL,NULL
yahooquery,pricing_technical_insights,comp_innovativeness,numeric,NULL,NULL,NULL
yahooquery,pricing_technical_insights,comp_hiring,numeric,NULL,NULL,NULL
yahooquery,pricing_technical_insights,comp_sustainability,numeric,NULL,NULL,NULL
yahooquery,pricing_technical_insights,comp_insider_sentiments,numeric,NULL,NULL,NULL
yahooquery,pricing_technical_insights,comp_earnings_reports,numeric,NULL,NULL,NULL
yahooquery,pricing_technical_insights,comp_dividends,numeric,NULL,NULL,NULL
yahooquery,pricing_technical_insights,sector_innovativeness,numeric,NULL,NULL,NULL
yahooquery,pricing_technical_insights,sector_hiring,numeric,NULL,NULL,NULL
yahooquery,pricing_technical_insights,sector_sustainability,numeric,NULL,NULL,NULL
yahooquery,pricing_technical_insights,sector_insider_sentiments,numeric,NULL,NULL,NULL
yahooquery,pricing_technical_insights,sector_earnings_reports,numeric,NULL,NULL,NULL
yahooquery,pricing_technical_insights,sector_dividends,numeric,NULL,NULL,NULL
yahooquery,pricing_technical_insights,target_price,numeric,NULL,NULL,NULL
yahooquery,pricing_technical_insights,recommendation_provider,text,NULL,NULL,NULL
yahooquery,pricing_technical_insights,recommendation_rating,text,NULL,NULL,NULL
yahooquery,pricing_technical_insights,ms_bullish_summary,text,NULL,NULL,NULL
yahooquery,pricing_technical_insights,ms_bearish_summary,text,NULL,NULL,NULL
yahooquery,pricing_technical_insights,company_name,text,NULL,NULL,NULL
yahooquery,pricing_technical_insights,ms_summary_date,text,NULL,NULL,NULL
yahooquery,pricing_technical_insights,upsell_report_type,text,NULL,NULL,NULL
yahooquery,pricing_technical_insights,research_report_id,text,NULL,NULL,NULL
yahooquery,pricing_technical_insights,research_provider,text,NULL,NULL,NULL
yahooquery,pricing_technical_insights,research_title,text,NULL,NULL,NULL
yahooquery,pricing_technical_insights,research_date,text,NULL,NULL,NULL
yahooquery,pricing_technical_insights,research_summary,text,NULL,NULL,NULL
yahooquery,pricing_technical_insights,research_rating,text,NULL,NULL,NULL
yahooquery,pricing_technical_insights,events,jsonb,NULL,NULL,NULL
yahooquery,pricing_technical_insights,sig_devs,jsonb,NULL,NULL,NULL
yahooquery,pricing_technical_insights,sec_reports,jsonb,NULL,NULL,NULL
yahooquery,pricing_technical_reports,date,date,NULL,NULL,NULL
yahooquery,pricing_technical_reports,symbol,text,NULL,NULL,NULL
yahooquery,pricing_technical_reports,id,text,NULL,NULL,NULL
yahooquery,pricing_technical_reports,headhtml,text,NULL,NULL,NULL
yahooquery,pricing_technical_reports,provider,text,NULL,NULL,NULL
yahooquery,pricing_technical_reports,reportdate,timestamp without time zone,NULL,NULL,NULL
yahooquery,pricing_technical_reports,reporttitle,text,NULL,NULL,NULL
yahooquery,pricing_technical_reports,title,text,NULL,NULL,NULL
yahooquery,pricing_technical_reports,targetprice,numeric,NULL,NULL,NULL
yahooquery,pricing_technical_reports,investmentrating,text,NULL,NULL,NULL
yahooquery,pricing_technical_reports,tickers_str,text,NULL,NULL,NULL
